length,serial,parallel
1,0.000035,0.411324
1,0.000035,0.359664
2,0.000920,0.190275
2,0.000917,0.222556
3,0.017903,0.223310
3,0.020938,0.207766
4,0.338724,0.205371
4,0.300411,0.205790
5,6.604192,0.270746
5,6.596024,0.269526
6,176.664046,0.404638
6,176.516597,0.404078
7,-----,5.593492
7,-----,5.570958
8,-----,135.579340
8,-----,135.861491